use COLEGIO_SRMNPE
SET IDENTITY_INSERT AcudienteEstudiante ON;
INSERT INTO AcudienteEstudiante(AcudienteEstudianteID,AcudienteID, EstudianteID, Fecha_Creacion) 
values ('1','2','2', '01/02/2020')
INSERT INTO AcudienteEstudiante(AcudienteEstudianteID,AcudienteID, EstudianteID, Fecha_Creacion) 
values ('2','2','2', '01/02/2020') 
INSERT INTO AcudienteEstudiante(AcudienteEstudianteID,AcudienteID, EstudianteID, Fecha_Creacion) 
values ('3','2','2', '01/02/2020') 
INSERT INTO AcudienteEstudiante(AcudienteEstudianteID,AcudienteID, EstudianteID, Fecha_Creacion) 
values ('4','2','2', '01/02/2020')
INSERT INTO AcudienteEstudiante(AcudienteEstudianteID,AcudienteID, EstudianteID, Fecha_Creacion) 
values ('5','2','2', '01/02/2020')
INSERT INTO AcudienteEstudiante(AcudienteEstudianteID,AcudienteID, EstudianteID, Fecha_Creacion) 
values ('6','2','2', '01/02/2020') 
INSERT INTO AcudienteEstudiante(AcudienteEstudianteID,AcudienteID, EstudianteID, Fecha_Creacion) 
values ('7','2','2', '01/02/2020')
INSERT INTO AcudienteEstudiante(AcudienteEstudianteID,AcudienteID, EstudianteID, Fecha_Creacion) 
values ('8','2','2', '01/02/2020') 
INSERT INTO AcudienteEstudiante(AcudienteEstudianteID,AcudienteID, EstudianteID, Fecha_Creacion) 
values ('9','2','2', '01/02/2020')
INSERT INTO AcudienteEstudiante(AcudienteEstudianteID,AcudienteID, EstudianteID, Fecha_Creacion) 
values ('10','3','3','01/02/2020')



SET IDENTITY_INSERT Acudientes ON;
INSERT INTO Acudientes(Apellidos, Nombres, NumeroIdentificador, Estado)
values ('Carmelo Rodriguez', 'Felipe santiago', '10254982','1')
INSERT INTO Acudientes(Apellidos, Nombres, NumeroIdentificador, Estado)
 VALUES ('Acuña Rubiano', 'Axl Julian', '102545682','0')
INSERT INTO Acudientes(Apellidos, Nombres, NumeroIdentificador, Estado)
values ('salas rubiano', 'sandra daniela', '3214982','1')
INSERT INTO Acudientes(Apellidos, Nombres, NumeroIdentificador, Estado)
values ('Guitierrez Rubiano', 'manuel alejandro', '1321554982','1')
INSERT INTO Acudientes(Apellidos, Nombres, NumeroIdentificador, Estado)
values ('Acuña Rubiano', 'santiago david', '10254965','0')
INSERT INTO Acudientes(Apellidos, Nombres, NumeroIdentificador, Estado)
values ('Carmelo sosa', 'juan yeison', '10254982','0')
INSERT INTO Acudientes(Apellidos, Nombres, NumeroIdentificador, Estado)
values ('Zapata Ramirez', 'edwin andres', '10252182','0')
INSERT INTO Acudientes(Apellidos, Nombres, NumeroIdentificador, Estado)
values ('Gonzales Arco', 'Gustavo Andrey', '97254982','0')
INSERT INTO Acudientes(Apellidos, Nombres, NumeroIdentificador, Estado)
values ('Alvarez Aroca', 'yuniver Santiago', '13554982','1')
INSERT INTO Acudientes(Apellidos, Nombres, NumeroIdentificador, Estado)
values ('Moreno Hernandez', 'Juan Nicolas', '19554982','0')

SET IDENTITY_INSERT CandidatoEstudiante ON;
INSERT INTO CandidatoEstudiante (Apellidos, Nombres, FechaNacimiento, TipoPersona)
values ('Moreno castillo', 'Juan Daniel', '12/06/2005','1')
INSERT INTO CandidatoEstudiante (Apellidos, Nombres, FechaNacimiento, TipoPersona)
values ('Gonzales Useda', 'Carlo Daniel', '09/01/2004','0')
INSERT INTO CandidatoEstudiante (Apellidos, Nombres, FechaNacimiento, TipoPersona)
values ('Ceraty Sosa', 'Gustavo Andrey', '05/04/2006','1')
INSERT INTO CandidatoEstudiante (Apellidos, Nombres, FechaNacimiento, TipoPersona)
values ('Garcia Moreno', 'Carlos Alberto', '12/12/2005','0')
INSERT INTO CandidatoEstudiante (Apellidos, Nombres, FechaNacimiento, TipoPersona)
values ('Spinetta', 'Luis Alberto', '06/05/2006','1')
INSERT INTO CandidatoEstudiante (Apellidos, Nombres, FechaNacimiento, TipoPersona)
values ('Paez rodriguez', 'Fito andres', '12/09/2004','0')
INSERT INTO CandidatoEstudiante (Apellidos, Nombres, FechaNacimiento, TipoPersona)
values ('Rubiano Useda', 'Gilma Ptricia', '2004/11/16','1')
INSERT INTO CandidatoEstudiante (Apellidos, Nombres, FechaNacimiento, TipoPersona)
values ('Acuña Rubiano', 'Edwin santiago', '2005-02-20','0')
INSERT INTO CandidatoEstudiante (Apellidos, Nombres, FechaNacimiento, TipoPersona)
values ('Zapata Fernandez', 'Juan Esteban', '09/06/2005','1')

SET IDENTITY_INSERT Cargo ON;
INSERT INTO Cargo(NombreCargo, Estado)
values ('Profesor','1')
INSERT INTO Cargo(NombreCargo, Estado)
values ('Coordinador','0')
INSERT INTO Cargo( NombreCargo, Estado)
values ('Aseador','0')
INSERT INTO Cargo(NombreCargo, Estado)
values ('Profesor','1')
INSERT INTO Cargo( Estado)
values ('Profesor','0')
INSERT INTO Cargo( NombreCargo, Estado)
values ('Serador','1')
INSERT INTO Cargo(NombreCargo, Estado)
values ('Recto','1')
INSERT INTO Cargo( NombreCargo, Estado)
values ('Psicologa','1')
INSERT INTO Cargo( NombreCargo, Estado)
values ('Profesor','1')
INSERT INTO Cargo(NombreCargo, Estado)
values ('Profesor','1')

SET IDENTITY_INSERT CargosEmpleado ON;
INSERT INTO CargosEmpleado(EmpleadoID, FechaInicio, FechaFin, Evaluacion, Observaciones,NumeroContrato)
values ('001', '2004/11/12','01/02/2020','5', 'Sin Observaciones', '1013587' )
INSERT INTO CargosEmpleado(EmpleadoID, FechaInicio, FechaFin, Evaluacion, Observaciones,NumeroContrato)
values ('002', '2004/11/12','01/02/2020','5', 'Sin Observaciones', '1453587' )
INSERT INTO CargosEmpleado(EmpleadoID, FechaInicio, FechaFin, Evaluacion, Observaciones,NumeroContrato)
values ('003', '2004/11/12','01/02/2020','5', 'Sin Observaciones', '1018987' )
INSERT INTO CargosEmpleado(EmpleadoID, FechaInicio, FechaFin, Evaluacion, Observaciones,NumeroContrato)
values ('004', '2004/11/12','01/02/2020','4', 'Sin Observaciones', '1065587' )
INSERT INTO CargosEmpleado(EmpleadoID, FechaInicio, FechaFin, Evaluacion, Observaciones,NumeroContrato)
values ('005', '2004/11/12','01/02/2020','5', 'Sin Observaciones', '1011087' )
INSERT INTO CargosEmpleado(EmpleadoID, FechaInicio, FechaFin, Evaluacion, Observaciones,NumeroContrato)
values ('006', '2004/11/12','01/02/2020','4', 'Sin Observaciones', '1633587' )
INSERT INTO CargosEmpleado(EmpleadoID, FechaInicio, FechaFin, Evaluacion, Observaciones,NumeroContrato)
values ('007', '2004/11/12','01/02/2020','4', 'Sin Observaciones', '1064587' )
INSERT INTO CargosEmpleado(EmpleadoID, FechaInicio, FechaFin, Evaluacion, Observaciones,NumeroContrato)
values ('008', '2004/11/12','01/02/2020','5', 'Sin Observaciones', '1014987' )
INSERT INTO CargosEmpleado(EmpleadoID, FechaInicio, FechaFin, Evaluacion, Observaciones,NumeroContrato)
values ('009', '2004/11/12','01/02/2020','4', 'Sin Observaciones', '1012687' )
INSERT INTO CargosEmpleado(EmpleadoID, FechaInicio, FechaFin, Evaluacion, Observaciones,NumeroContrato)
values ('010', '2004/11/12','01/02/2020','4', 'Sin Observaciones', '1073587' )
INSERT INTO CargosEmpleado(EmpleadoID, FechaInicio, FechaFin, Evaluacion, Observaciones,NumeroContrato)
values ('010', '2004/11/12','01/02/2020','4', 'Sin Observaciones', '1073587' )

SET IDENTITY_INSERT Cupo ON;
INSERT INTO Cupo(FechaSolicitud, Estado, Curso, EstudianteID)
values ('2004/11/12','1','7A', '11')
INSERT INTO Cupo(FechaSolicitud, Estado, Curso, EstudianteID)
values ('2004/11/12','0','6B', '12')
INSERT INTO Cupo(FechaSolicitud, Estado, Curso, EstudianteID)
values ('2004/11/12','1','6A', '13')
INSERT INTO Cupo(FechaSolicitud, Estado, Curso, EstudianteID)
values ('2004/11/12','0','8A', '14')
INSERT INTO Cupo(FechaSolicitud, Estado, Curso, EstudianteID)
values ('2004/11/12','1','6A', '15')
INSERT INTO Cupo(FechaSolicitud, Estado, Curso, EstudianteID)
values ('2004/11/12','1','11C', '16')
INSERT INTO Cupo(FechaSolicitud, Estado, Curso, EstudianteID)
values ('2004/11/12','0','9A', '17')
INSERT INTO Cupo(FechaSolicitud, Estado, Curso, EstudianteID)
values ('2004/11/12','1','8C', '18')
INSERT INTO Cupo(FechaSolicitud, Estado, Curso, EstudianteID)
values ('2004/11/12','0','9A', '19')
INSERT INTO Cupo(FechaSolicitud, Estado, Curso, EstudianteID)
values ('2004/11/12','1','6C', '20')

SET IDENTITY_INSERT Curso ON;
INSERT INTO Curso(Nombre, Abreviatura, Estado)
values ('Matematicas','Mate','1')
INSERT INTO Curso(Nombre, Abreviatura, Estado)
values ('Español','Espa','1')
INSERT INTO Curso(Nombre, Abreviatura, Estado)
values ('Ingles','Ing','1')
INSERT INTO Curso(Nombre, Abreviatura, Estado)
values ('Matematicas','Mate','1')
INSERT INTO Curso(Nombre, Abreviatura, Estado)
values ('Informatica','Infor','1')
INSERT INTO Curso(Nombre, Abreviatura, Estado)
values ('Ciencias','Cienc','1')
INSERT INTO Curso(Nombre, Abreviatura, Estado)
values ('Matematicas','Mate','1')
INSERT INTO Curso(Nombre, Abreviatura, Estado)
values ('Filosofia','Filos','1')
INSERT INTO Curso(Nombre, Abreviatura, Estado)
values ('Ed.Fisica','Ed.Fis','1')
INSERT INTO Curso(Nombre, Abreviatura, Estado)
values ('Quimica','Quim','1')

SET IDENTITY_INSERT DetallePlanEstudio ON;
INSERT INTO DetallePlanEstudio( PlanEstudiosID, MateriaID, Versions, Estado)
values ('001','0001','1.0', '1')
INSERT INTO DetallePlanEstudio( PlanEstudiosID, MateriaID, Versions, Estado)
values ('002','0002','2.0', '0')
INSERT INTO DetallePlanEstudio( PlanEstudiosID, MateriaID, Versions, Estado)
values ('003','0003','1.0', '1')
INSERT INTO DetallePlanEstudio( PlanEstudiosID, MateriaID, Versions, Estado)
values ('004','0004','1.0', '1')
INSERT INTO DetallePlanEstudio( PlanEstudiosID, MateriaID, Versions, Estado)
values ('005','0005','2.0', '1')
INSERT INTO DetallePlanEstudio( PlanEstudiosID, MateriaID, Versions, Estado)
values ('006','0006','1.0', '0')
INSERT INTO DetallePlanEstudio( PlanEstudiosID, MateriaID, Versions, Estado)
values ('007','0007','1.0', '1')
INSERT INTO DetallePlanEstudio( PlanEstudiosID, MateriaID, Versions, Estado)
values ('008','0008','2.0', '1')
INSERT INTO DetallePlanEstudio( PlanEstudiosID, MateriaID, Versions, Estado)
values ('009','0009','2.0', '0')
INSERT INTO DetallePlanEstudio( PlanEstudiosID, MateriaID, Versions, Estado)
values ('010','0010','1.0', '1')

INSERT INTO Direccion_Acudiente( CoordenadasA, BarrioA, LocalidadA, CiudadA, PaisA, AcudienteID, FechaCreacionA,EstadoA)
values ('542.46.862','Quiroga','Rafael Uribe Uribe', 'Bogota', 'Colombia', '001', '2004/11/12', '0')
INSERT INTO Direccion_Acudiente( CoordenadasA, BarrioA, LocalidadA, CiudadA, PaisA, AcudienteID, FechaCreacionA,EstadoA)
values ('542.46.122','','Suba', 'Bogota', 'Colombia', '002', '2004/11/12', '1')
INSERT INTO Direccion_Acudiente( CoordenadasA, BarrioA, LocalidadA, CiudadA, PaisA, AcudienteID, FechaCreacionA,EstadoA)
values ('542.456.862','','Suba', 'Bogota', 'Colombia', '003', '2004/11/12', '1')
INSERT INTO Direccion_Acudiente(CoordenadasA, BarrioA, LocalidadA, CiudadA, PaisA, AcudienteID, FechaCreacionA,EstadoA)
values ('682.46.862','Quiroga','', 'Usme', 'Colombia', '004', '2004/11/12', '0')
INSERT INTO Direccion_Acudiente( CoordenadasA, BarrioA, LocalidadA, CiudadA, PaisA, AcudienteID, FechaCreacionA,EstadoA)
values ('022.46.862','Quiroga','', 'Bosa', 'Colombia', '005', '2004/11/12', '0')
INSERT INTO Direccion_Acudiente( CoordenadasA, BarrioA, LocalidadA, CiudadA, PaisA, AcudienteID, FechaCreacionA,EstadoA)
values ('54572.46.862','','Kennedy', 'Bogota', 'Colombia', '006', '2004/11/12', '1')
INSERT INTO Direccion_Acudiente( CoordenadasA, BarrioA, LocalidadA, CiudadA, PaisA, AcudienteID, FechaCreacionA,EstadoA)
values ('542.46.87789','Quiroga','Usaquen', 'Bogota', 'Colombia', '007', '2004/11/12', '1')
INSERT INTO Direccion_Acudiente( CoordenadasA, BarrioA, LocalidadA, CiudadA, PaisA, AcudienteID, FechaCreacionA,EstadoA)
values ('482.26.862','Quiroga','', 'Bogota', 'Colombia', '008', '2004/11/12', '0')
INSERT INTO Direccion_Acudiente( CoordenadasA, BarrioA, LocalidadA, CiudadA, PaisA, AcudienteID, FechaCreacionA,EstadoA)
values ('5982.46.862','','Rafael Uribe Uribe', 'Bogota', 'Colombia', '009', '2004/11/12', '0')
INSERT INTO Direccion_Acudiente( CoordenadasA, BarrioA, LocalidadA, CiudadA, PaisA, AcudienteID, FechaCreacionA,EstadoA)
values ('542.46.800','Quiroga','', 'Bogota', 'Colombia', '010', '2004/11/12', '1')

INSERT INTO DireccionResidencia(Coordenadas, Localidad, Ciudad, Pais, EstudianteID, FechaCreacion,Estado)
values ('542.46.090','Suba', 'Bogota', 'Colombia', '001', '2004/11/12', '1')
INSERT INTO DireccionResidencia( Coordenadas, Localidad, Ciudad, Pais, EstudianteID, FechaCreacion,Estado)
values ('542.96.800','Rafael Uribe Uribe', 'Bogota', 'Colombia', '002', '2004/11/12', '0')
INSERT INTO DireccionResidencia( Coordenadas, Localidad, Ciudad, Pais, EstudianteID, FechaCreacion,Estado)
values ('5789.46.800','Usaquen', 'Bogota', 'Colombia', '003', '2004/11/12', '1')
INSERT INTO DireccionResidencia( Coordenadas, Localidad, Ciudad, Pais, EstudianteID, FechaCreacion,Estado)
values ('542.46.060','Kennedy', 'Bogota', 'Colombia', '004', '2004/11/12', '0')
INSERT INTO DireccionResidencia(Coordenadas, Localidad, Ciudad, Pais, EstudianteID, FechaCreacion,Estado)
values ('589.46.800','Kennedy', 'Bogota', 'Colombia', '005', '2004/11/12', '0')
INSERT INTO DireccionResidencia(Coordenadas, Localidad, Ciudad, Pais, EstudianteID, FechaCreacion,Estado)
values ('782.46.800','Kennedy', 'Bogota', 'Colombia', '006', '2004/11/12', '0')
INSERT INTO DireccionResidencia( Coordenadas, Localidad, Ciudad, Pais, EstudianteID, FechaCreacion,Estado)
values ('5789.46.800','Bosa', 'Bogota', 'Colombia', '007', '2004/11/12', '1')
INSERT INTO DireccionResidencia( Coordenadas, Localidad, Ciudad, Pais, EstudianteID, FechaCreacion,Estado)
values ('565.46.800','Usaquen', 'Bogota', 'Colombia', '008', '2004/11/12', '1')
INSERT INTO DireccionResidencia( Coordenadas, Localidad, Ciudad, Pais, EstudianteID, FechaCreacion,Estado)
values ('507082.46.800','Bosa', 'Bogota', 'Colombia', '009', '2004/11/12', '1')
INSERT INTO DireccionResidencia( Coordenadas, Localidad, Ciudad, Pais, EstudianteID, FechaCreacion,Estado)
values ('5652.46.800','Usaquen', 'Bogota', 'Colombia', '010', '2004/11/12', '0')

INSERT INTO DocumentoCupo( NombreDocumento, Documento, CupoID)
values ('Tarjeta Identidad','1013585127','001')
INSERT INTO DocumentoCupo( NombreDocumento, Documento, CupoID)
values ('Tarjeta Identidad','1013585127','002')
INSERT INTO DocumentoCupo( NombreDocumento, Documento, CupoID)
values ('Tarjeta Identidad','1013585127','003')
INSERT INTO DocumentoCupo( NombreDocumento, Documento, CupoID)
values ('Tarjeta Identidad','1014565127','004')
INSERT INTO DocumentoCupo( NombreDocumento, Documento, CupoID)
values ('Tarjeta Identidad','1078985125','005')
INSERT INTO DocumentoCupo( NombreDocumento, Documento, CupoID)
values ('Tarjeta Identidad','1128585127','006')
INSERT INTO DocumentoCupo( NombreDocumento, Documento, CupoID)
values ('Tarjeta Identidad','1013585127','007')
INSERT INTO DocumentoCupo( NombreDocumento, Documento, CupoID)
values ('Tarjeta Identidad','1013058127','008')
INSERT INTO DocumentoCupo( NombreDocumento, Documento, CupoID)
values ('Tarjeta Identidad','1002595127','009')
INSERT INTO DocumentoCupo( NombreDocumento, Documento, CupoID)
values ('Tarjeta Identidad','1095185127','010')

INSERT INTO EdicionCurso( CursoID, Año, FechaInicio, FechaFin, Estado)
values ('01 ','2023','2023/11/12', '2024/11/12', '1')
INSERT INTO EdicionCurso( CursoID, Año, FechaInicio, FechaFin, Estado)
values ('02 ','2023','2023/11/12', '2024/11/12', '1')
INSERT INTO EdicionCurso( CursoID, Año, FechaInicio, FechaFin, Estado)
values ('03 ','2023','2023/11/12', '2024/11/12', '1')
INSERT INTO EdicionCurso( CursoID, Año, FechaInicio, FechaFin, Estado)
values ('04 ','2023','2023/11/12', '2024/11/12', '1')
INSERT INTO EdicionCurso( CursoID, Año, FechaInicio, FechaFin, Estado)
values ('05','2023','2023/11/12', '2024/11/12', '1')
INSERT INTO EdicionCurso( CursoID, Año, FechaInicio, FechaFin, Estado)
values ('06 ','2023','2023/11/12', '2024/11/12', '1')
INSERT INTO EdicionCurso( CursoID, Año, FechaInicio, FechaFin, Estado)
values ('07 ','2023','2023/11/12', '2024/11/12', '1')
INSERT INTO EdicionCurso(CursoID, Año, FechaInicio, FechaFin, Estado)
values ('08 ','2023','2023/11/12', '2024/11/12', '1')
INSERT INTO EdicionCurso( CursoID, Año, FechaInicio, FechaFin, Estado)
values ('09 ','2023','2023/11/12', '2024/11/12', '1')
INSERT INTO EdicionCurso( CursoID, Año, FechaInicio, FechaFin, Estado)
values ('010 ','2023','2023/11/12', '2024/11/12', '1')

INSERT INTO Empleado(Apellidos, Nombres, FechaNacimiento)
values ('Paez Spinetta','Fito Lius','1981/11/12')
INSERT INTO Empleado( Apellidos, Nombres, FechaNacimiento)
values ('Cerati Moreno','Gustavo Andres','1959/11/12')
INSERT INTO Empleado( Apellidos, Nombres, FechaNacimiento)
values ('Duran Acuña','Felipe edwin','1980/11/05')
INSERT INTO Empleado( Apellidos, Nombres, FechaNacimiento)
values ('Zapata Duran','Julian Felipe','1985/11/08')
INSERT INTO Empleado( Apellidos, Nombres, FechaNacimiento)
values ('Paez Moreno','Axl Julian','1989/11/01')
INSERT INTO Empleado( Apellidos, Nombres, FechaNacimiento)
values ('Novoa Castro','Juan Esteban','1983/11/03')
INSERT INTO Empleado( Apellidos, Nombres, FechaNacimiento)
values ('Gilmort Alvarez','Jeniffer laura','1969/11/10')
INSERT INTO Empleado( Apellidos, Nombres, FechaNacimiento)
values ('Moreno Alvarez','Sandra Alejandra','1970/11/12')
INSERT INTO Empleado( Apellidos, Nombres, FechaNacimiento)
values ('Rodriguez Acuña','Nicol Marian','1973/11/10')
INSERT INTO Empleado( Apellidos, Nombres, FechaNacimiento)
values ('Mendez Melo','Ashly Alejandra','1990/11/12')

INSERT INTO EstudianteDocumentos( TipoDocumentoId, NumeroDocumento, Estado, Observaciones, EstudianteID, Fecha_Actualizacion)
values ('001',' 101358517','1', 'Sin Observaciones','001','2023/11/12')
INSERT INTO EstudianteDocumentos( TipoDocumentoId, NumeroDocumento, Estado, Observaciones, EstudianteID, Fecha_Actualizacion)
values ('002',' 103585127','1', 'Sin Observaciones','002','2023/11/12')
INSERT INTO EstudianteDocumentos( TipoDocumentoId, NumeroDocumento, Estado, Observaciones, EstudianteID, Fecha_Actualizacion)
values ('003',' 101385127','1', 'Sin Observaciones','003','2023/11/12')
INSERT INTO EstudianteDocumentos( TipoDocumentoId, NumeroDocumento, Estado, Observaciones, EstudianteID, Fecha_Actualizacion)
values ('004',' 101358127','1', 'Sin Observaciones','004','2023/11/12')
INSERT INTO EstudianteDocumentos( TipoDocumentoId, NumeroDocumento, Estado, Observaciones, EstudianteID, Fecha_Actualizacion)
values ('005',' 101385127','1', 'Sin Observaciones','005','2023/11/12')
INSERT INTO EstudianteDocumentos( TipoDocumentoId, NumeroDocumento, Estado, Observaciones, EstudianteID, Fecha_Actualizacion)
values ('006',' 101385127','1', 'Sin Observaciones','006','2023/11/12')
INSERT INTO EstudianteDocumentos( TipoDocumentoId, NumeroDocumento, Estado, Observaciones, EstudianteID, Fecha_Actualizacion)
values ('007',' 101385127','1', 'Sin Observaciones','007','2023/11/12')
INSERT INTO EstudianteDocumentos( TipoDocumentoId, NumeroDocumento, Estado, Observaciones, EstudianteID, Fecha_Actualizacion)
values ('008',' 101355127','1', 'Sin Observaciones','008','2023/11/12')
INSERT INTO EstudianteDocumentos( TipoDocumentoId, NumeroDocumento, Estado, Observaciones, EstudianteID, Fecha_Actualizacion)
values ('009',' 101358127','1', 'Sin Observaciones','009','2023/11/12')
INSERT INTO EstudianteDocumentos( TipoDocumentoId, NumeroDocumento, Estado, Observaciones, EstudianteID, Fecha_Actualizacion)
values ('010',' 101358127','1', 'Sin Observaciones','010','2023/11/12')

INSERT INTO InstitucionEducativa( Nombres, Direccion, NivelEducativo, Telefono, Correo, EmpleadoID)
values ('La Giralda','Transversal 1b este 7a 20 sur','Alto', '5468521', 'Giralda@gmail.com', '001')
INSERT INTO InstitucionEducativa( Nombres, Direccion, NivelEducativo, Telefono, Correo, EmpleadoID)
values ('La Giralda','Transversal 1b este 7a 20 sur','Alto', '5468521', 'Giralda@gmail.com', '002')
INSERT INTO InstitucionEducativa( Nombres, Direccion, NivelEducativo, Telefono, Correo, EmpleadoID)
values ('La Giralda','Transversal 1b este 7a 20 sur','Alto', '5468521', 'Giralda@gmail.com', '003')
INSERT INTO InstitucionEducativa( Nombres, Direccion, NivelEducativo, Telefono, Correo, EmpleadoID)
values ('La Giralda','Transversal 1b este 7a 20 sur','Alto', '5468521', 'Giralda@gmail.com', '004')
INSERT INTO InstitucionEducativa( Nombres, Direccion, NivelEducativo, Telefono, Correo, EmpleadoID)
values ('La Giralda','Transversal 1b este 7a 20 sur','Alto', '5468521', 'Giralda@gmail.com', '005')
INSERT INTO InstitucionEducativa( Nombres, Direccion, NivelEducativo, Telefono, Correo, EmpleadoID)
values ('La Giralda','Transversal 1b este 7a 20 sur','Alto', '5468521', 'Giralda@gmail.com', '006')
INSERT INTO InstitucionEducativa( Nombres, Direccion, NivelEducativo, Telefono, Correo, EmpleadoID)
values ('La Giralda','Transversal 1b este 7a 20 sur','Alto', '5468521', 'Giralda@gmail.com', '007')
INSERT INTO InstitucionEducativa( Nombres, Direccion, NivelEducativo, Telefono, Correo, EmpleadoID)
values ('La Giralda','Transversal 1b este 7a 20 sur','Alto', '5468521', 'Giralda@gmail.com', '008')
INSERT INTO InstitucionEducativa( Nombres, Direccion, NivelEducativo, Telefono, Correo, EmpleadoID)
values ('La Giralda','Transversal 1b este 7a 20 sur','Alto', '5468521', 'Giralda@gmail.com', '009')
INSERT INTO InstitucionEducativa(Nombres, Direccion, NivelEducativo, Telefono, Correo, EmpleadoID)
values ('La Giralda','Transversal 1b este 7a 20 sur','Alto', '5468521', 'Giralda@gmail.com', '010')

INSERT INTO Materias( NombreMateria, Estado, Versions)
values ('Matematicas','1','1.0')
INSERT INTO Materias( NombreMateria, Estado, Versions)
values ('Español','0','1.0')
INSERT INTO Materias( NombreMateria, Estado, Versions)
values ('Ingles','1','1.0')
INSERT INTO Materias( NombreMateria, Estado, Versions)
values ('Fisica','1','1.0')
INSERT INTO Materias( NombreMateria, Estado, Versions)
values ('Quimica','0','1.0')
INSERT INTO Materias( NombreMateria, Estado, Versions)
values ('Musica','1','1.0')
INSERT INTO Materias( NombreMateria, Estado, Versions)
values ('Filosofia','1','1.0')
INSERT INTO Materias( NombreMateria, Estado, Versions)
values ('Sociales','0','1.0')
INSERT INTO Materias(NombreMateria, Estado, Versions)
values ('Calculo','1','1.0')
INSERT INTO Materias( NombreMateria, Estado, Versions)
values ('Etica','1','1.0')


INSERT INTO Matricula( EdicionCursoID, Fecha, Estado, EstudianteID)
values ('30','2023/11/12','1', '001')
INSERT INTO Matricula( EdicionCursoID, Fecha, Estado, EstudianteID)
values ('31','2023/11/12','1', '001')
INSERT INTO Matricula( EdicionCursoID, Fecha, Estado, EstudianteID)
values ('33','2023/11/12','1', '001')
INSERT INTO Matricula( EdicionCursoID, Fecha, Estado, EstudianteID)
values ('33','2023/11/12','1', '001')
INSERT INTO Matricula( EdicionCursoID, Fecha, Estado, EstudianteID)
values ('34','2023/11/12','1', '001')
INSERT INTO Matricula( EdicionCursoID, Fecha, Estado, EstudianteID)
values ('35','2023/11/12','1', '001')
INSERT INTO Matricula( EdicionCursoID, Fecha, Estado, EstudianteID)
values ('36','2023/11/12','1', '001')
INSERT INTO Matricula( EdicionCursoID, Fecha, Estado, EstudianteID)
values ('37','2023/11/12','1', '001')
INSERT INTO Matricula( EdicionCursoID, Fecha, Estado, EstudianteID)
values ('38','2023/11/12','1', '001')
INSERT INTO Matricula( EdicionCursoID, Fecha, Estado, EstudianteID)
values ('39','2023/11/12','1', '001')

INSERT INTO PlanEstudios( CursoID, VigenciaInicio, VigenciaFinalizacion, Estado)
values ('001','2021-09-01', '2023-06-30', '1')
INSERT INTO PlanEstudios( CursoID, VigenciaInicio, VigenciaFinalizacion, Estado)
values ('002','2021-09-01', '2023-06-30', '1')
INSERT INTO PlanEstudios( CursoID, VigenciaInicio, VigenciaFinalizacion, Estado)
values ('003','2021-09-01', '2023-06-30', '0')
INSERT INTO PlanEstudios( CursoID, VigenciaInicio, VigenciaFinalizacion, Estado)
values ('004','2021-09-01', '2023-06-30', '1')
INSERT INTO PlanEstudios( CursoID, VigenciaInicio, VigenciaFinalizacion, Estado)
values ('005','2021-09-01', '2023-06-30', '0')
INSERT INTO PlanEstudios( CursoID, VigenciaInicio, VigenciaFinalizacion, Estado)
values ('006','2021-09-01', '2023-06-30', '1')
INSERT INTO PlanEstudios( CursoID, VigenciaInicio, VigenciaFinalizacion, Estado)
values ('007','2021-09-01', '2023-06-30', '1')
INSERT INTO PlanEstudios( CursoID, VigenciaInicio, VigenciaFinalizacion, Estado)
values ('008','2021-09-01', '2023-06-30', '0')
INSERT INTO PlanEstudios( CursoID, VigenciaInicio, VigenciaFinalizacion, Estado)
values ('009','2021-09-01', '2023-06-30', '1')
INSERT INTO PlanEstudios( CursoID, VigenciaInicio, VigenciaFinalizacion, Estado)
values ('010','2021-09-01', '2023-06-30', '0')

INSERT INTO Prematricula( FechaRegistro, FechaFinalizacion, CursosID, CupoID)
values ('2023-06-13', '2023-06-30', '001', '0001')
INSERT INTO Prematricula( FechaRegistro, FechaFinalizacion, CursosID, CupoID)
values ('2023-06-13', '2023-06-30', '002', '0002')
INSERT INTO Prematricula( FechaRegistro, FechaFinalizacion, CursosID, CupoID)
values ('2023-06-13', '2023-06-30', '003', '0003')
INSERT INTO Prematricula( FechaRegistro, FechaFinalizacion, CursosID, CupoID)
values ('2023-06-13', '2023-06-30', '004', '0004')
INSERT INTO Prematricula( FechaRegistro, FechaFinalizacion, CursosID, CupoID)
values ('2023-06-13', '2023-06-30', '005', '0005')
INSERT INTO Prematricula( FechaRegistro, FechaFinalizacion, CursosID, CupoID)
values ('2023-06-13', '2023-06-30', '006', '0006')
INSERT INTO Prematricula( FechaRegistro, FechaFinalizacion, CursosID, CupoID)
values ('2023-06-13', '2023-06-30', '007', '0007')
INSERT INTO Prematricula( FechaRegistro, FechaFinalizacion, CursosID, CupoID)
values ('2023-06-13', '2023-06-30', '008', '0008')
INSERT INTO Prematricula( FechaRegistro, FechaFinalizacion, CursosID, CupoID)
values ('2023-06-13', '2023-06-30', '009', '0009')
INSERT INTO Prematricula( FechaRegistro, FechaFinalizacion, CursosID, CupoID)
values ('2023-06-13', '2023-06-30', '010', '0010')

INSERT INTO RespuestaCupo(Estado, Observaciones, FechaRespuesta, EmpleadoID, CupoID)
values ( '1', 'El cupo ha sido aprobado.', '2023-06-13', '001', '001')
INSERT INTO RespuestaCupo( Estado, Observaciones, FechaRespuesta, EmpleadoID, CupoID)
values ( '1', 'El cupo ha sido aprobado.', '2023-06-13', '002', '002')
INSERT INTO RespuestaCupo( Estado, Observaciones, FechaRespuesta, EmpleadoID, CupoID)
values ( '1', 'El cupo ha sido aprobado.', '2023-06-13', '003', '003')
INSERT INTO RespuestaCupo( Estado, Observaciones, FechaRespuesta, EmpleadoID, CupoID)
values ( '1', 'El cupo ha sido aprobado.', '2023-06-13', '004', '004')
INSERT INTO RespuestaCupo( Estado, Observaciones, FechaRespuesta, EmpleadoID, CupoID)
values ( '1', 'El cupo ha sido aprobado.', '2023-06-13', '005', '005')
INSERT INTO RespuestaCupo( Estado, Observaciones, FechaRespuesta, EmpleadoID, CupoID)
values ( '1', 'El cupo ha sido aprobado.', '2023-06-13', '006', '006')
INSERT INTO RespuestaCupo( Estado, Observaciones, FechaRespuesta, EmpleadoID, CupoID)
values ( '1', 'El cupo ha sido aprobado.', '2023-06-13', '007', '007')
INSERT INTO RespuestaCupo( Estado, Observaciones, FechaRespuesta, EmpleadoID, CupoID)
values ( '1', 'El cupo ha sido aprobado.', '2023-06-13', '008', '008')
INSERT INTO RespuestaCupo( Estado, Observaciones, FechaRespuesta, EmpleadoID, CupoID)
values ( '1', 'El cupo ha sido aprobado.', '2023-06-13', '009', '009')
INSERT INTO RespuestaCupo( Estado, Observaciones, FechaRespuesta, EmpleadoID, CupoID)
values ( '1', 'El cupo ha sido aprobado.', '2023-06-13', '010', '010')

INSERT INTO SoporteAcademicoEmpleado( NivelAcademico, Modalidad, FechaGraduacion, TituloObtenido, Institucion, EmpleadoID)
values ( 'Licenciatura', 'Presencial', '2020-05-15', 'Licenciado en Administración', 'La Giralda', '001')
INSERT INTO SoporteAcademicoEmpleado( NivelAcademico, Modalidad, FechaGraduacion, TituloObtenido, Institucion, EmpleadoID)
values ('Licenciatura', 'Presencial', '2022-05-15', 'Maestría en Ingeniería de Software', 'La Giralda', '002')
INSERT INTO SoporteAcademicoEmpleado( NivelAcademico, Modalidad, FechaGraduacion, TituloObtenido, Institucion, EmpleadoID)
values ( 'Licenciatura', 'Presencial', '2019-05-15', 'Igeniero Civil', 'La Giralda', '003')
INSERT INTO SoporteAcademicoEmpleado( NivelAcademico, Modalidad, FechaGraduacion, TituloObtenido, Institucion, EmpleadoID)
values ( 'Licenciatura', 'Presencial', '2018-05-15', 'Doctor en Ciencias de la Computación', 'La Giralda', '004')
INSERT INTO SoporteAcademicoEmpleado( NivelAcademico, Modalidad, FechaGraduacion, TituloObtenido, Institucion, EmpleadoID)
values ( 'Licenciatura', 'Presencial', '2017-05-15', 'Bachiller en Ciencias', 'La Giralda', '005')
INSERT INTO SoporteAcademicoEmpleado( NivelAcademico, Modalidad, FechaGraduacion, TituloObtenido, Institucion, EmpleadoID)
values ( 'Licenciatura', 'Presencial', '2015-05-15', 'Posgrado en Administración de Empresas', 'La Giralda', '006')
INSERT INTO SoporteAcademicoEmpleado( NivelAcademico, Modalidad, FechaGraduacion, TituloObtenido, Institucion, EmpleadoID)
values ( 'Licenciatura', 'Presencial', '2022-05-15', 'Certificación en Gestión de Proyectos', 'La Giralda', '007')
INSERT INTO SoporteAcademicoEmpleado( NivelAcademico, Modalidad, FechaGraduacion, TituloObtenido, Institucion, EmpleadoID)
values ( 'Licenciatura', 'Presencial', '2020-05-15', 'Licenciado en Psicología', 'La Giralda', '008')
INSERT INTO SoporteAcademicoEmpleado( NivelAcademico, Modalidad, FechaGraduacion, TituloObtenido, Institucion, EmpleadoID)
values ( 'Licenciatura', 'Presencial', '2021-05-15', 'Licenciado en Administración', 'La Giralda', '009')
INSERT INTO SoporteAcademicoEmpleado( NivelAcademico, Modalidad, FechaGraduacion, TituloObtenido, Institucion, EmpleadoID)
values ( 'Licenciatura', 'Presencial', '2018-05-15', 'Maestría en Administración de Empresas', 'La Giralda', '010')

INSERT INTO SoporteLaboralesEmpleado( Nombre, FechaInicio, FechaFin, FuncionesDesarrolladas, EmpleadoID)
VALUES ('Empresa ABC', '2020-01-01', '2021-12-31', 'Docencia', '01')
INSERT INTO SoporteLaboralesEmpleado( Nombre, FechaInicio, FechaFin, FuncionesDesarrolladas, EmpleadoID)
VALUES ('Empresa XYZ', '2018-06-01', '2020-12-31', ' Docencia', '02')
INSERT INTO SoporteLaboralesEmpleado( Nombre, FechaInicio, FechaFin, FuncionesDesarrolladas, EmpleadoID)
VALUES ( 'Empresa 123', '2015-03-15', '2017-12-31', 'Docencia', '03')
INSERT INTO SoporteLaboralesEmpleado( Nombre, FechaInicio, FechaFin, FuncionesDesarrolladas, EmpleadoID)
VALUES ('Empresa XYZ', '2019-02-01', '2022-09-30', 'Docencia', '04')
INSERT INTO SoporteLaboralesEmpleado( Nombre, FechaInicio, FechaFin, FuncionesDesarrolladas, EmpleadoID)
VALUES ('Empresa ABC', '2017-04-01', '2020-11-30', 'Docencia', '05')
INSERT INTO SoporteLaboralesEmpleado( Nombre, FechaInicio, FechaFin, FuncionesDesarrolladas, EmpleadoID)
VALUES ('Empresa XYZ', '2016-08-15', '2018-12-31', 'Docencia', '06')
INSERT INTO SoporteLaboralesEmpleado( Nombre, FechaInicio, FechaFin, FuncionesDesarrolladas, EmpleadoID)
VALUES ('Empresa 123', '2019-01-01', '2022-06-30', 'Docencia', '07')
INSERT INTO SoporteLaboralesEmpleado( Nombre, FechaInicio, FechaFin, FuncionesDesarrolladas, EmpleadoID)
VALUES ( 'Empresa ABC', '2018-05-01', '2021-08-31', 'Docencia', '08')
INSERT INTO SoporteLaboralesEmpleado( Nombre, FechaInicio, FechaFin, FuncionesDesarrolladas, EmpleadoID)
VALUES ('Empresa XYZ', '2015-09-15', '2019-12-31', 'Docencia', '09')
INSERT INTO SoporteLaboralesEmpleado( Nombre, FechaInicio, FechaFin, FuncionesDesarrolladas, EmpleadoID)
VALUES ('Empresa 123', '2017-03-01', '2020-10-30','Docencia', '10')

INSERT INTO SubCursos( Nombre, Abreviatura, Estado, CursoID)
VALUES ('Subcurso A', 'SUBA', '1', '01')
INSERT INTO SubCursos( Nombre, Abreviatura, Estado, CursoID)
VALUES ('Subcurso B', 'SUBB', '1', '02')
INSERT INTO SubCursos( Nombre, Abreviatura, Estado, CursoID)
VALUES ('Subcurso C', 'SUBC', '1', '03')
INSERT INTO SubCursos( Nombre, Abreviatura, Estado, CursoID)
VALUES ('Subcurso D', 'SUBD', '1', '04')
INSERT INTO SubCursos( Nombre, Abreviatura, Estado, CursoID)
VALUES ('Subcurso E', 'SUBE', '0', '05')
INSERT INTO SubCursos( Nombre, Abreviatura, Estado, CursoID)
VALUES ('Subcurso F', 'SUBF', '1', '06')
INSERT INTO SubCursos( Nombre, Abreviatura, Estado, CursoID)
VALUES ('Subcurso G', 'SUBG', '0', '07')
INSERT INTO SubCursos( Nombre, Abreviatura, Estado, CursoID)
VALUES ('Subcurso H', 'SUBH', '0', '08')
INSERT INTO SubCursos( Nombre, Abreviatura, Estado, CursoID)
VALUES ('Subcurso I', 'SUBI', '0', '09')
INSERT INTO SubCursos( Nombre, Abreviatura, Estado, CursoID)
VALUES ('Subcurso J', 'SUBJ', '0', '010')

INSERT INTO TelefonoAcudiente( NumeroA, IndicativoA, TipoTelefonoA, AcudienteID)
VALUES ( '123456789', '+57', 'Celular', '01');
INSERT INTO TelefonoAcudiente( NumeroA, IndicativoA, TipoTelefonoA, AcudienteID)
VALUES ( '987654321', '+57', 'Casa', '02');
INSERT INTO TelefonoAcudiente( NumeroA, IndicativoA, TipoTelefonoA, AcudienteID)
VALUES ( '555666777', '+57', 'Trabajo', '03');
INSERT INTO TelefonoAcudiente( NumeroA, IndicativoA, TipoTelefonoA, AcudienteID)
VALUES ( '111222333', '+57', 'Celular', '04');
INSERT INTO TelefonoAcudiente( NumeroA, IndicativoA, TipoTelefonoA, AcudienteID)
VALUES ( '444555666', '+57', 'Casa', '05');
INSERT INTO TelefonoAcudiente( NumeroA, IndicativoA, TipoTelefonoA, AcudienteID)
VALUES ( '777888999', '+57', 'Trabajo', '06');
INSERT INTO TelefonoAcudiente( NumeroA, IndicativoA, TipoTelefonoA, AcudienteID)
VALUES ( '101010101', '+57', 'Celular', '07');
INSERT INTO TelefonoAcudiente( NumeroA, IndicativoA, TipoTelefonoA, AcudienteID)
VALUES ( '121212121', '+57', 'Casa', '08');
INSERT INTO TelefonoAcudiente( NumeroA, IndicativoA, TipoTelefonoA, AcudienteID)
VALUES ( '131313131', '+57', 'Trabajo', '09');
INSERT INTO TelefonoAcudiente( NumeroA, IndicativoA, TipoTelefonoA, AcudienteID)
VALUES ('141414141', '+57', 'Celular', '10');

INSERT INTO TelefonoEstudiante( Numero, Indicativo, TipoTelefono, EstudianteID)
VALUES ( '123456789', '+57', 'Celular', '01')
INSERT INTO TelefonoEstudiante( Numero, Indicativo, TipoTelefono, EstudianteID)
VALUES ( '987654321', '+57', 'Casa', '02')
INSERT INTO TelefonoEstudiante( Numero, Indicativo, TipoTelefono, EstudianteID)
VALUES ( '555666777', '+57', 'Trabajo', '03')
INSERT INTO TelefonoEstudiante( Numero, Indicativo, TipoTelefono, EstudianteID)
VALUES ( '111222333', '+57', 'Celular', '04')
INSERT INTO TelefonoEstudiante( Numero, Indicativo, TipoTelefono, EstudianteID)
VALUES ( '444555666', '+57', 'Casa', '05')
INSERT INTO TelefonoEstudiante( Numero, Indicativo, TipoTelefono, EstudianteID)
VALUES ( '777888999', '+57', 'Trabajo', '06')
INSERT INTO TelefonoEstudiante( Numero, Indicativo, TipoTelefono, EstudianteID)
VALUES ( '101010101', '+57', 'Celular', '07')
INSERT INTO TelefonoEstudiante( Numero, Indicativo, TipoTelefono, EstudianteID)
VALUES ( '121212121', '+57', 'Casa', '08')
INSERT INTO TelefonoEstudiante( Numero, Indicativo, TipoTelefono, EstudianteID)
VALUES ('131313131', '+57', 'Trabajo', '09')
INSERT INTO TelefonoEstudiante( Numero, Indicativo, TipoTelefono, EstudianteID)
VALUES ( '141414141', '+57', 'Celular', '10')

INSERT INTO TipoDocumentos( DocumentosID, TipoDocumento, Estado)
VALUES ( '01', 'Tarjeta Identidad', '1')
INSERT INTO TipoDocumentos( DocumentosID, TipoDocumento, Estado)
VALUES ( '02', 'Tarjeta Identidad', '1')
INSERT INTO TipoDocumentos( DocumentosID, TipoDocumento, Estado)
VALUES ( '03', 'Tarjeta Identidad', '1')
INSERT INTO TipoDocumentos( DocumentosID, TipoDocumento, Estado)
VALUES ( '04', 'Tarjeta Identidad', '1')
INSERT INTO TipoDocumentos( DocumentosID, TipoDocumento, Estado)
VALUES ( '05', 'Tarjeta Identidad', '0')
INSERT INTO TipoDocumentos( DocumentosID, TipoDocumento, Estado)
VALUES ( '06', 'Tarjeta Identidad', '0')
INSERT INTO TipoDocumentos( DocumentosID, TipoDocumento, Estado)
VALUES ( '07', 'Tarjeta Identidad', '0')
INSERT INTO TipoDocumentos( DocumentosID, TipoDocumento, Estado)
VALUES ( '08', 'Tarjeta Identidad', '1')
INSERT INTO TipoDocumentos( DocumentosID, TipoDocumento, Estado)
VALUES ( '09', 'Tarjeta Identidad', '1')
INSERT INTO TipoDocumentos( DocumentosID, TipoDocumento, Estado)
VALUES ('010', 'Tarjeta Identidad', '0')
















